value1,sales_a,sales_b,sales_c,sales_d
119.9,100.1,200.0,80.0,250.0
120.8,99.7,200.0,80.0,250.0
121.9,100.1,200.0,80.0,250.0
122.2,100.1,200.0,80.0,250.0
123.4,99.8,200.0,80.0,250.0
123.7,99.9,200.0,80.0,250.0
124.7,99.7,200.0,80.0,250.0
125.9,99.8,200.0,80.0,250.0
126.2,100.2,200.0,80.0,250.0
126.8,99.9,200.0,80.0,250.0
128.0,100.2,200.0,80.0,250.0
128.5,99.8,200.0,80.0,250.0
129.4,99.8,200.0,80.0,250.0
130.3,100.2,200.0,80.0,250.0
131.2,100.3,200.0,80.0,250.0
132.3,100.0,200.0,80.0,250.0
133.0,100.1,200.0,80.0,250.0
133.9,100.3,200.0,80.0,250.0
134.3,99.9,200.0,80.0,250.0
135.1,100.0,200.0,80.0,250.0
135.9,99.9,200.0,80.0,250.0
137.0,99.9,200.0,80.0,250.0
137.9,100.2,200.0,80.0,250.0
138.3,100.1,200.0,80.0,250.0
138.9,99.9,200.0,80.0,250.0
139.7,100.3,200.0,80.0,250.0
141.1,99.8,200.0,80.0,250.0
141.5,100.0,200.0,80.0,250.0
142.3,99.8,200.0,80.0,250.0
142.9,100.0,200.0,80.0,250.0
144.3,130.3,200.0,80.0,250.0
144.6,130.1,200.0,80.0,250.0
145.8,130.0,200.0,80.0,250.0
146.3,129.7,200.0,80.0,250.0
147.1,129.8,200.0,80.0,250.0
148.0,130.3,208.0,80.0,250.0
148.6,130.0,208.0,80.0,250.0
149.6,129.7,208.0,80.0,250.0
150.8,130.0,208.0,80.0,250.0
151.4,129.8,208.0,80.0,250.0
151.9,130.3,208.0,105.0,250.0
152.6,129.7,208.0,105.0,250.0
153.6,130.3,208.0,105.0,250.0
154.4,130.2,208.0,105.0,250.0
154.9,130.1,208.0,105.0,250.0
156.2,130.2,208.0,105.0,256.0
156.5,129.7,208.0,105.0,256.0
157.2,130.0,208.0,105.0,256.0
158.6,130.1,208.0,105.0,256.0
159.5,129.9,208.0,105.0,256.0
160.1,130.2,208.0,105.0,256.0
160.9,130.2,208.0,105.0,256.0
161.3,130.3,208.0,105.0,256.0
162.1,130.2,208.0,105.0,256.0
163.1,130.3,208.0,105.0,256.0
164.1,129.9,208.0,105.0,256.0
165.0,130.0,208.0,105.0,256.0
165.3,129.9,208.0,105.0,256.0
166.3,130.3,208.0,105.0,256.0
167.0,130.2,208.0,105.0,256.0
167.9,149.8,208.0,105.0,256.0
168.5,149.9,208.0,105.0,256.0
169.9,149.9,208.0,105.0,256.0
170.8,150.3,208.0,105.0,256.0
171.4,150.1,208.0,105.0,256.0
171.7,150.1,208.0,105.0,256.0
172.8,149.7,208.0,105.0,256.0
173.3,150.0,208.0,105.0,256.0
174.5,149.8,208.0,105.0,256.0
175.1,149.7,208.0,105.0,256.0
176.2,150.2,216.0,105.0,256.0
176.7,149.8,216.0,105.0,256.0
177.7,150.0,216.0,105.0,256.0
178.5,150.3,216.0,105.0,256.0
179.2,150.3,216.0,105.0,256.0
180.3,150.0,216.0,105.0,256.0
180.6,150.1,216.0,105.0,256.0
181.3,149.7,216.0,105.0,256.0
182.7,149.9,216.0,105.0,256.0
183.1,150.3,216.0,105.0,256.0
183.8,149.7,216.0,80.0,256.0
184.5,149.8,216.0,80.0,256.0
185.3,149.9,216.0,80.0,256.0
186.3,149.9,216.0,80.0,256.0
187.3,150.2,216.0,80.0,256.0
187.9,150.1,216.0,80.0,256.0
188.6,149.8,216.0,80.0,256.0
189.6,149.9,216.0,80.0,256.0
190.4,149.9,216.0,80.0,256.0
191.3,150.2,216.0,80.0,256.0
191.9,100.0,216.0,80.0,262.0
193.2,100.3,216.0,80.0,262.0
193.4,99.9,216.0,80.0,262.0
194.1,100.2,216.0,80.0,262.0
195.0,100.2,216.0,80.0,262.0
196.4,100.0,216.0,80.0,262.0
196.4,100.3,216.0,80.0,262.0
197.6,99.7,216.0,80.0,262.0
198.2,100.2,216.0,80.0,262.0
199.2,100.0,216.0,80.0,262.0
120.0,99.9,216.0,80.0,262.0
120.5,99.8,216.0,80.0,262.0
121.7,99.7,216.0,80.0,262.0
122.4,100.2,216.0,80.0,262.0
122.9,99.9,216.0,80.0,262.0
124.2,99.9,224.0,80.0,262.0
125.1,100.1,224.0,80.0,262.0
125.7,100.0,224.0,80.0,262.0
126.3,100.2,224.0,80.0,262.0
127.1,100.1,224.0,80.0,262.0
127.7,99.7,224.0,80.0,262.0
128.6,99.9,224.0,80.0,262.0
129.5,100.0,224.0,80.0,262.0
130.6,99.9,224.0,80.0,262.0
131.2,99.8,224.0,80.0,262.0
132.0,99.8,224.0,80.0,262.0
133.2,100.0,224.0,80.0,262.0
133.5,99.7,224.0,80.0,262.0
134.6,100.0,224.0,80.0,262.0
134.9,99.9,224.0,80.0,262.0
136.1,130.1,224.0,105.0,262.0
137.0,130.0,224.0,105.0,262.0
137.8,129.9,224.0,105.0,262.0
138.5,129.8,224.0,105.0,262.0
139.1,130.1,224.0,105.0,262.0
140.0,130.1,224.0,105.0,262.0
140.4,130.2,224.0,105.0,262.0
141.7,129.8,224.0,105.0,262.0
142.3,129.7,224.0,105.0,262.0
143.5,129.8,224.0,105.0,262.0
143.7,130.0,224.0,105.0,262.0
144.7,129.7,224.0,105.0,262.0
145.6,129.7,224.0,105.0,262.0
146.3,129.9,224.0,105.0,262.0
147.3,129.8,224.0,105.0,262.0
147.7,129.9,224.0,105.0,268.0
148.4,129.8,224.0,105.0,268.0
149.6,129.8,224.0,105.0,268.0
150.4,129.8,224.0,105.0,268.0
150.8,130.3,224.0,105.0,268.0
151.9,130.2,232.0,105.0,268.0
152.9,129.8,232.0,105.0,268.0
153.7,129.8,232.0,105.0,268.0
154.2,130.0,232.0,105.0,268.0
155.1,130.0,232.0,105.0,268.0
155.7,129.8,232.0,105.0,268.0
156.8,130.1,232.0,105.0,268.0
157.7,129.7,232.0,105.0,268.0
158.6,130.3,232.0,105.0,268.0
159.5,130.3,232.0,105.0,268.0
160.0,149.9,232.0,105.0,268.0
160.5,150.2,232.0,105.0,268.0
161.8,150.0,232.0,105.0,268.0
162.7,150.2,232.0,105.0,268.0
163.0,149.8,232.0,105.0,268.0
164.1,150.2,232.0,105.0,268.0
164.5,150.1,232.0,105.0,268.0
165.5,150.3,232.0,105.0,268.0
166.1,150.2,232.0,105.0,268.0
167.2,150.1,232.0,105.0,268.0
168.0,150.1,232.0,80.0,268.0
168.7,149.7,232.0,80.0,268.0
170.0,149.7,232.0,80.0,268.0
170.1,149.9,232.0,80.0,268.0
171.1,150.1,232.0,80.0,268.0
172.0,149.9,232.0,80.0,268.0
172.5,149.8,232.0,80.0,268.0
173.5,150.0,232.0,80.0,268.0
174.0,150.0,232.0,80.0,268.0
174.9,149.9,232.0,80.0,268.0
176.1,149.8,232.0,80.0,268.0
176.9,149.7,232.0,80.0,268.0
177.4,149.9,232.0,80.0,268.0
178.6,149.9,232.0,80.0,268.0
179.5,149.9,232.0,80.0,268.0
180.1,150.2,240.0,80.0,268.0
180.6,149.8,240.0,80.0,268.0
181.9,150.0,240.0,80.0,268.0
182.3,149.9,240.0,80.0,268.0
182.9,150.0,240.0,80.0,268.0
184.0,100.2,240.0,80.0,274.0
184.9,100.0,240.0,80.0,274.0
185.6,99.8,240.0,80.0,274.0
186.1,100.0,240.0,80.0,274.0
187.4,99.9,240.0,80.0,274.0
187.9,100.1,240.0,80.0,274.0
188.8,100.3,240.0,80.0,274.0
189.4,99.9,240.0,80.0,274.0
190.0,99.9,240.0,80.0,274.0
191.3,99.8,240.0,80.0,274.0
192.0,100.0,240.0,80.0,274.0
193.0,99.8,240.0,80.0,274.0
193.3,100.0,240.0,80.0,274.0
194.3,100.0,240.0,80.0,274.0
195.2,99.8,240.0,80.0,274.0
195.8,99.8,240.0,80.0,274.0
197.2,99.7,240.0,80.0,274.0
197.5,100.3,240.0,80.0,274.0
198.4,100.0,240.0,80.0,274.0
199.0,99.9,240.0,80.0,274.0
119.7,99.9,240.0,105.0,274.0
121.0,100.1,240.0,105.0,274.0
121.6,100.0,240.0,105.0,274.0
122.3,100.2,240.0,105.0,274.0
123.0,99.7,240.0,105.0,274.0
123.9,100.2,240.0,105.0,274.0
124.6,100.2,240.0,105.0,274.0
125.6,100.1,240.0,105.0,274.0
126.4,100.2,240.0,105.0,274.0
127.6,100.0,240.0,105.0,274.0
127.8,130.1,248.0,105.0,274.0
129.0,129.8,248.0,105.0,274.0
129.5,129.8,248.0,105.0,274.0
130.8,130.3,248.0,105.0,274.0
131.3,130.1,248.0,105.0,274.0
131.6,130.0,248.0,105.0,274.0
133.1,129.8,248.0,105.0,274.0
133.5,129.9,248.0,105.0,274.0
134.3,129.7,248.0,105.0,274.0
134.9,129.8,248.0,105.0,274.0
135.9,130.1,248.0,105.0,274.0
136.9,129.9,248.0,105.0,274.0
137.9,129.9,248.0,105.0,274.0
138.4,129.8,248.0,105.0,274.0
139.6,130.1,248.0,105.0,274.0
139.9,129.8,248.0,105.0,280.0
140.9,130.3,248.0,105.0,280.0
141.7,130.1,248.0,105.0,280.0
142.7,130.1,248.0,105.0,280.0
143.5,130.2,248.0,105.0,280.0
144.1,129.7,248.0,105.0,280.0
144.9,129.9,248.0,105.0,280.0
145.7,130.3,248.0,105.0,280.0
146.5,130.3,248.0,105.0,280.0
146.9,130.2,248.0,105.0,280.0
147.9,129.9,248.0,105.0,280.0
148.7,130.3,248.0,105.0,280.0
149.7,130.1,248.0,105.0,280.0
150.8,129.7,248.0,105.0,280.0
151.2,130.2,248.0,105.0,280.0
151.8,150.2,248.0,80.0,280.0
152.5,150.0,248.0,80.0,280.0
154.0,150.1,248.0,80.0,280.0
154.7,150.2,248.0,80.0,280.0
155.3,149.8,248.0,80.0,280.0
156.3,149.8,256.0,80.0,280.0
156.8,150.2,256.0,80.0,280.0
157.7,149.9,256.0,80.0,280.0
158.5,149.8,256.0,80.0,280.0
159.2,150.2,256.0,80.0,280.0
160.0,149.9,256.0,80.0,280.0
160.8,149.9,256.0,80.0,280.0
161.8,150.2,256.0,80.0,280.0
162.0,149.9,256.0,80.0,280.0
163.3,149.9,256.0,80.0,280.0
164.2,150.0,256.0,80.0,280.0
164.5,150.3,256.0,80.0,280.0
165.8,149.9,256.0,80.0,280.0
166.3,150.1,256.0,80.0,280.0
167.4,150.1,256.0,80.0,280.0
167.9,150.1,256.0,80.0,280.0
168.8,150.3,256.0,80.0,280.0
169.9,150.1,256.0,80.0,280.0
170.8,149.9,256.0,80.0,280.0
171.2,150.2,256.0,80.0,280.0
171.9,149.9,256.0,80.0,280.0
173.2,149.9,256.0,80.0,280.0
173.9,149.9,256.0,80.0,280.0
174.4,149.7,256.0,80.0,280.0
175.5,150.0,256.0,80.0,280.0
176.1,99.7,256.0,80.0,286.0
176.5,100.1,256.0,80.0,286.0
177.5,99.8,256.0,80.0,286.0
178.3,100.0,256.0,80.0,286.0
179.1,99.8,256.0,80.0,286.0
179.7,100.2,256.0,80.0,286.0
180.6,100.2,256.0,80.0,286.0
181.3,100.1,256.0,80.0,286.0
182.7,100.1,256.0,80.0,286.0
182.8,99.9,256.0,80.0,286.0
184.1,99.7,256.0,105.0,286.0
184.8,100.2,256.0,105.0,286.0
185.7,99.7,256.0,105.0,286.0
186.0,100.1,256.0,105.0,286.0
187.6,100.2,256.0,105.0,286.0
187.9,99.8,256.0,105.0,286.0
188.9,100.0,256.0,105.0,286.0
189.3,100.1,256.0,105.0,286.0
190.8,100.1,256.0,105.0,286.0
191.4,100.1,256.0,105.0,286.0
191.8,100.2,256.0,105.0,286.0
192.5,100.2,256.0,105.0,286.0
193.3,99.8,256.0,105.0,286.0
194.5,100.1,256.0,105.0,286.0
195.4,100.1,256.0,105.0,286.0
196.3,100.3,256.0,105.0,286.0
197.0,100.1,256.0,105.0,286.0
197.6,99.8,256.0,105.0,286.0
198.0,99.8,256.0,105.0,286.0
199.2,100.3,256.0,105.0,286.0
120.1,130.0,256.0,105.0,286.0
120.7,130.2,256.0,105.0,286.0
121.8,130.1,256.0,105.0,286.0
122.3,130.1,256.0,105.0,286.0
123.4,130.2,256.0,105.0,286.0
123.8,129.7,256.0,105.0,286.0
124.5,129.9,256.0,105.0,286.0
125.7,130.3,256.0,105.0,286.0
126.5,129.9,256.0,105.0,286.0
127.4,129.9,256.0,105.0,286.0
127.7,130.0,256.0,105.0,286.0
128.8,130.2,256.0,105.0,286.0
129.2,130.1,256.0,105.0,286.0
130.5,129.9,256.0,105.0,286.0
130.8,129.8,256.0,105.0,286.0
131.6,129.8,248.0,105.0,292.0
133.1,130.3,248.0,105.0,292.0
133.2,129.8,248.0,105.0,292.0
134.4,130.2,248.0,105.0,292.0
134.8,130.1,248.0,105.0,292.0
136.0,130.1,248.0,80.0,292.0
136.8,130.1,248.0,80.0,292.0
137.9,130.1,248.0,80.0,292.0
138.6,130.1,248.0,80.0,292.0
139.0,129.8,248.0,80.0,292.0
140.0,130.2,248.0,80.0,292.0
140.5,129.9,248.0,80.0,292.0
141.4,129.9,248.0,80.0,292.0
142.5,130.1,248.0,80.0,292.0
143.2,130.2,248.0,80.0,292.0
143.8,149.8,248.0,80.0,292.0
144.5,150.0,248.0,80.0,292.0
145.5,150.3,248.0,80.0,292.0
146.5,150.3,248.0,80.0,292.0
147.5,150.2,248.0,80.0,292.0
147.9,149.8,248.0,80.0,292.0
149.0,150.1,248.0,80.0,292.0
150.0,149.7,248.0,80.0,292.0
150.5,150.1,248.0,80.0,292.0
151.6,150.3,248.0,80.0,292.0
152.3,149.8,248.0,80.0,292.0
152.5,149.9,248.0,80.0,292.0
153.3,149.8,248.0,80.0,292.0
154.5,149.7,248.0,80.0,292.0
154.9,149.7,248.0,80.0,292.0
155.7,150.2,248.0,80.0,292.0
156.9,150.2,248.0,80.0,292.0
158.0,150.1,248.0,80.0,292.0
158.6,149.9,248.0,80.0,292.0
159.0,149.8,248.0,80.0,292.0
160.3,149.8,240.0,80.0,292.0
161.1,150.2,240.0,80.0,292.0
161.4,150.0,240.0,80.0,292.0
162.8,150.0,240.0,80.0,292.0
163.3,150.1,240.0,80.0,292.0
164.2,150.0,240.0,80.0,292.0
165.1,150.1,240.0,80.0,292.0
165.9,149.9,240.0,80.0,292.0
166.4,150.2,240.0,80.0,292.0
167.2,150.0,240.0,80.0,292.0
168.0,99.9,240.0,105.0,298.0
169.2,100.3,240.0,105.0,298.0
169.5,100.0,240.0,105.0,298.0
170.2,100.3,240.0,105.0,298.0
171.5,99.8,240.0,105.0,298.0
172.0,100.2,240.0,105.0,298.0
173.0,99.9,240.0,105.0,298.0
173.2,100.0,240.0,105.0,298.0
174.2,99.9,240.0,105.0,298.0
175.1,100.2,240.0,105.0,298.0
175.7,100.2,240.0,105.0,298.0
176.8,100.3,240.0,105.0,298.0
177.6,100.1,240.0,105.0,298.0
178.5,100.2,240.0,105.0,298.0
179.4,99.9,240.0,105.0,298.0
180.3,99.7,240.0,105.0,298.0
180.8,99.8,240.0,105.0,298.0
181.2,99.8,240.0,105.0,298.0
182.1,100.1,240.0,105.0,298.0
183.2,100.2,240.0,105.0,298.0
184.0,100.1,240.0,105.0,298.0
185.1,100.3,240.0,105.0,298.0
185.7,99.9,240.0,105.0,298.0
186.6,100.2,240.0,105.0,298.0
187.3,100.2,240.0,105.0,298.0
187.9,100.3,232.0,105.0,298.0
188.7,99.8,232.0,105.0,298.0
189.6,100.1,232.0,105.0,298.0
190.8,99.9,232.0,105.0,298.0
191.1,100.3,232.0,105.0,298.0
191.9,129.9,232.0,105.0,298.0
192.6,130.2,232.0,105.0,298.0
193.8,129.9,232.0,105.0,298.0
194.7,130.1,232.0,105.0,298.0
194.9,130.2,232.0,105.0,298.0
196.1,129.7,232.0,105.0,298.0
196.5,130.3,232.0,105.0,298.0
197.6,129.7,232.0,105.0,298.0
198.8,130.3,232.0,105.0,298.0
199.4,130.0,232.0,105.0,298.0
120.1,130.1,232.0,80.0,298.0
120.4,130.1,232.0,80.0,298.0
122.0,129.9,232.0,80.0,298.0
122.6,130.2,232.0,80.0,298.0
122.8,130.0,232.0,80.0,298.0
123.9,129.7,232.0,80.0,304.0
124.7,130.2,232.0,80.0,304.0
125.3,130.2,232.0,80.0,304.0
126.1,130.1,232.0,80.0,304.0
126.9,129.8,232.0,80.0,304.0
128.1,129.9,232.0,80.0,304.0
128.5,129.8,232.0,80.0,304.0
129.3,130.3,232.0,80.0,304.0
130.4,130.1,232.0,80.0,304.0
130.8,130.0,232.0,80.0,304.0
132.3,130.2,232.0,80.0,304.0
133.1,129.9,232.0,80.0,304.0
133.6,130.2,232.0,80.0,304.0
134.5,129.9,232.0,80.0,304.0
135.5,130.2,232.0,80.0,304.0
136.3,150.0,224.0,80.0,304.0
136.4,149.9,224.0,80.0,304.0
137.8,149.8,224.0,80.0,304.0
138.1,149.8,224.0,80.0,304.0
139.1,150.3,224.0,80.0,304.0
140.4,150.2,224.0,80.0,304.0
141.0,150.0,224.0,80.0,304.0
141.7,150.3,224.0,80.0,304.0
142.5,150.3,224.0,80.0,304.0
143.4,149.9,224.0,80.0,304.0
143.9,149.9,224.0,80.0,304.0
144.5,150.0,224.0,80.0,304.0
145.8,150.0,224.0,80.0,304.0
146.5,149.7,224.0,80.0,304.0
147.2,150.2,224.0,80.0,304.0
147.8,150.2,224.0,80.0,304.0
148.5,150.0,224.0,80.0,304.0
149.3,150.0,224.0,80.0,304.0
150.3,150.2,224.0,80.0,304.0
151.0,150.0,224.0,80.0,304.0
152.0,150.0,224.0,105.0,304.0
152.7,149.7,224.0,105.0,304.0
153.3,149.7,224.0,105.0,304.0
154.7,150.0,224.0,105.0,304.0
155.6,150.3,224.0,105.0,304.0
155.9,150.1,224.0,105.0,304.0
156.7,150.0,224.0,105.0,304.0
157.6,149.7,224.0,105.0,304.0
158.5,150.1,224.0,105.0,304.0
159.4,150.1,224.0,105.0,304.0
160.3,100.1,224.0,105.0,250.0
160.9,100.1,224.0,105.0,250.0
161.6,100.3,224.0,105.0,250.0
162.7,100.2,224.0,105.0,250.0
163.5,100.2,224.0,105.0,250.0
164.0,99.7,216.0,105.0,250.0
165.2,100.2,216.0,105.0,250.0
165.3,100.3,216.0,105.0,250.0
166.7,100.3,216.0,105.0,250.0
167.0,99.9,216.0,105.0,250.0
167.6,100.0,216.0,105.0,250.0
169.1,99.7,216.0,105.0,250.0
169.7,100.0,216.0,105.0,250.0
170.5,100.1,216.0,105.0,250.0
171.1,99.7,216.0,105.0,250.0
172.2,100.1,216.0,105.0,250.0
172.7,100.2,216.0,105.0,250.0
173.9,99.7,216.0,105.0,250.0
174.7,99.8,216.0,105.0,250.0
174.9,100.0,216.0,105.0,250.0
176.2,100.0,216.0,105.0,250.0
176.9,99.8,216.0,105.0,250.0
177.6,99.7,216.0,105.0,250.0
178.1,99.9,216.0,105.0,250.0
179.6,99.8,216.0,105.0,250.0
180.0,99.9,216.0,105.0,250.0
180.6,99.9,216.0,105.0,250.0
181.2,100.0,216.0,105.0,250.0
182.3,99.8,216.0,105.0,250.0
183.3,99.9,216.0,105.0,250.0
183.8,129.8,216.0,80.0,250.0
184.4,130.0,216.0,80.0,250.0
185.2,130.2,216.0,80.0,250.0
186.3,130.1,216.0,80.0,250.0
187.5,129.9,216.0,80.0,250.0
188.0,130.1,216.0,80.0,250.0
189.1,130.3,216.0,80.0,250.0
190.0,130.2,216.0,80.0,250.0
190.2,129.7,216.0,80.0,250.0
190.9,130.1,216.0,80.0,250.0
192.3,130.1,208.0,80.0,250.0
192.5,130.0,208.0,80.0,250.0
193.5,130.1,208.0,80.0,250.0
194.6,130.1,208.0,80.0,250.0
194.9,129.8,208.0,80.0,250.0
195.7,130.2,208.0,80.0,256.0
197.1,130.3,208.0,80.0,256.0
197.7,130.2,208.0,80.0,256.0
198.1,129.9,208.0,80.0,256.0
199.5,129.8,208.0,80.0,256.0
120.1,129.7,208.0,80.0,256.0
120.7,130.0,208.0,80.0,256.0
121.5,130.2,208.0,80.0,256.0
122.3,130.0,208.0,80.0,256.0
123.4,130.2,208.0,80.0,256.0
124.2,129.8,208.0,80.0,256.0
124.8,129.8,208.0,80.0,256.0
125.9,129.8,208.0,80.0,256.0
126.4,129.7,208.0,80.0,256.0
126.9,130.2,208.0,80.0,256.0
128.2,149.9,208.0,80.0,256.0
128.7,149.9,208.0,80.0,256.0
129.7,149.9,208.0,80.0,256.0
130.4,150.3,208.0,80.0,256.0
130.9,150.3,208.0,80.0,256.0
131.8,150.1,208.0,80.0,256.0
132.5,149.9,208.0,80.0,256.0
133.4,150.3,208.0,80.0,256.0
134.1,149.7,208.0,80.0,256.0
135.6,149.8,208.0,80.0,256.0
135.8,150.2,208.0,105.0,256.0
137.0,149.8,208.0,105.0,256.0
137.7,150.2,208.0,105.0,256.0
138.1,150.2,208.0,105.0,256.0
139.4,150.3,208.0,105.0,256.0
140.0,150.1,200.0,105.0,256.0
140.9,149.8,200.0,105.0,256.0
141.6,150.1,200.0,105.0,256.0
142.4,149.9,200.0,105.0,256.0
142.9,149.9,200.0,105.0,256.0
143.9,150.1,200.0,105.0,256.0
144.5,150.0,200.0,105.0,256.0
145.6,150.2,200.0,105.0,256.0
146.2,150.0,200.0,105.0,256.0
146.9,150.1,200.0,105.0,256.0
147.9,149.9,200.0,105.0,256.0
148.6,149.7,200.0,105.0,256.0
149.9,150.2,200.0,105.0,256.0
150.3,149.7,200.0,105.0,256.0
151.3,149.9,200.0,105.0,256.0
152.3,100.0,200.0,105.0,262.0
153.0,100.1,200.0,105.0,262.0
153.8,99.9,200.0,105.0,262.0
154.7,100.0,200.0,105.0,262.0
155.2,100.2,200.0,105.0,262.0
155.9,100.3,200.0,105.0,262.0
156.5,99.9,200.0,105.0,262.0
157.2,99.9,200.0,105.0,262.0
158.4,100.3,200.0,105.0,262.0
159.2,99.9,200.0,105.0,262.0
160.2,99.9,200.0,105.0,262.0
160.7,100.2,200.0,105.0,262.0
161.4,99.9,200.0,105.0,262.0
162.4,100.0,200.0,105.0,262.0
163.0,100.1,200.0,105.0,262.0
164.0,100.0,200.0,105.0,262.0
164.5,100.3,200.0,105.0,262.0
165.5,99.9,200.0,105.0,262.0
166.6,100.0,200.0,105.0,262.0
167.5,99.8,200.0,105.0,262.0
168.4,99.9,200.0,80.0,262.0
168.9,100.2,200.0,80.0,262.0
169.8,100.0,200.0,80.0,262.0
170.8,100.1,200.0,80.0,262.0
171.0,99.8,200.0,80.0,262.0
172.4,99.9,200.0,80.0,262.0
172.4,100.0,200.0,80.0,262.0
173.6,100.0,200.0,80.0,262.0
174.0,100.2,200.0,80.0,262.0
174.8,99.9,200.0,80.0,262.0
176.0,130.0,200.0,80.0,262.0
176.5,130.1,200.0,80.0,262.0
177.5,130.3,200.0,80.0,262.0
178.2,129.9,200.0,80.0,262.0
179.3,129.7,200.0,80.0,262.0
179.7,129.8,200.0,80.0,262.0
180.4,129.9,200.0,80.0,262.0
181.7,130.2,200.0,80.0,262.0
182.6,129.9,200.0,80.0,262.0
183.5,130.0,200.0,80.0,262.0
183.8,129.8,200.0,80.0,262.0
184.8,130.2,200.0,80.0,262.0
185.2,130.0,200.0,80.0,262.0
186.4,129.9,200.0,80.0,262.0
187.2,130.1,200.0,80.0,262.0
188.0,130.1,200.0,80.0,268.0
189.0,130.1,200.0,80.0,268.0
189.7,129.9,200.0,80.0,268.0
190.0,130.1,200.0,80.0,268.0
190.8,130.0,200.0,80.0,268.0
192.0,129.9,200.0,80.0,268.0
192.9,130.3,200.0,80.0,268.0
193.6,129.9,200.0,80.0,268.0
194.6,130.1,200.0,80.0,268.0
195.2,130.2,200.0,80.0,268.0
195.8,130.1,208.0,80.0,268.0
196.4,130.3,208.0,80.0,268.0
197.6,130.0,208.0,80.0,268.0
198.8,130.1,208.0,80.0,268.0
199.0,130.1,208.0,80.0,268.0
120.1,150.2,208.0,105.0,268.0
121.1,149.8,208.0,105.0,268.0
121.3,149.9,208.0,105.0,268.0
122.2,150.0,208.0,105.0,268.0
123.3,150.2,208.0,105.0,268.0
124.3,149.7,208.0,105.0,268.0
124.5,149.8,208.0,105.0,268.0
125.4,150.1,208.0,105.0,268.0
126.8,150.2,208.0,105.0,268.0
127.5,150.2,208.0,105.0,268.0
127.6,149.7,208.0,105.0,268.0
128.6,149.7,208.0,105.0,268.0
129.3,149.9,208.0,105.0,268.0
130.4,150.2,208.0,105.0,268.0
130.9,150.3,208.0,105.0,268.0
132.2,150.2,208.0,105.0,268.0
132.9,150.2,208.0,105.0,268.0
133.7,150.1,208.0,105.0,268.0
134.5,150.2,208.0,105.0,268.0
135.3,149.9,208.0,105.0,268.0
135.9,150.1,208.0,105.0,268.0
136.9,150.2,208.0,105.0,268.0
137.8,150.1,208.0,105.0,268.0
138.7,149.9,208.0,105.0,268.0
139.2,150.3,208.0,105.0,268.0
140.0,150.0,208.0,105.0,268.0
140.8,150.2,208.0,105.0,268.0
141.6,149.8,208.0,105.0,268.0
142.4,150.0,208.0,105.0,268.0
143.0,149.9,208.0,105.0,268.0
143.8,100.0,216.0,105.0,274.0
144.4,99.7,216.0,105.0,274.0
145.7,99.7,216.0,105.0,274.0
146.3,100.0,216.0,105.0,274.0
147.0,100.2,216.0,105.0,274.0
147.8,100.0,216.0,105.0,274.0
148.9,100.1,216.0,105.0,274.0
149.8,99.8,216.0,105.0,274.0
150.8,99.9,216.0,105.0,274.0
151.3,100.0,216.0,105.0,274.0
152.3,100.2,216.0,80.0,274.0
152.5,100.0,216.0,80.0,274.0
153.8,99.8,216.0,80.0,274.0
154.4,99.8,216.0,80.0,274.0
155.5,100.1,216.0,80.0,274.0
156.3,99.8,216.0,80.0,274.0
157.2,99.7,216.0,80.0,274.0
158.0,100.3,216.0,80.0,274.0
158.3,99.9,216.0,80.0,274.0
159.2,100.2,216.0,80.0,274.0
160.4,100.0,216.0,80.0,274.0
161.2,99.7,216.0,80.0,274.0
161.7,99.7,216.0,80.0,274.0
162.1,99.8,216.0,80.0,274.0
163.6,100.1,216.0,80.0,274.0
164.1,99.8,216.0,80.0,274.0
164.7,99.8,216.0,80.0,274.0
165.7,99.9,216.0,80.0,274.0
166.0,100.3,216.0,80.0,274.0
167.1,100.1,216.0,80.0,274.0
167.7,129.8,216.0,80.0,274.0
169.0,130.2,216.0,80.0,274.0
169.5,129.9,216.0,80.0,274.0
170.7,130.2,216.0,80.0,274.0
171.3,129.9,216.0,80.0,274.0
171.7,130.2,224.0,80.0,274.0
172.9,130.2,224.0,80.0,274.0
173.3,130.3,224.0,80.0,274.0
174.4,129.7,224.0,80.0,274.0
175.2,129.9,224.0,80.0,274.0
176.0,130.2,224.0,80.0,274.0
177.1,129.9,224.0,80.0,274.0
177.4,130.1,224.0,80.0,274.0
178.3,130.0,224.0,80.0,274.0
179.5,130.2,224.0,80.0,274.0
179.8,130.3,224.0,80.0,280.0
180.7,130.1,224.0,80.0,280.0
181.9,130.3,224.0,80.0,280.0
182.4,129.9,224.0,80.0,280.0
183.1,130.0,224.0,80.0,280.0
184.1,130.2,224.0,105.0,280.0
184.7,129.8,224.0,105.0,280.0
185.8,129.9,224.0,105.0,280.0
186.0,129.7,224.0,105.0,280.0
186.8,130.3,224.0,105.0,280.0
188.4,130.3,224.0,105.0,280.0
188.6,129.9,224.0,105.0,280.0
189.4,130.2,224.0,105.0,280.0
190.3,130.0,224.0,105.0,280.0
191.5,130.0,224.0,105.0,280.0
191.8,149.7,224.0,105.0,280.0
192.8,149.9,224.0,105.0,280.0
193.9,150.2,224.0,105.0,280.0
194.1,150.0,224.0,105.0,280.0
195.2,150.3,224.0,105.0,280.0
196.0,149.8,224.0,105.0,280.0
197.1,149.8,224.0,105.0,280.0
197.6,149.7,224.0,105.0,280.0
198.6,149.9,224.0,105.0,280.0
199.3,150.3,224.0,105.0,280.0
120.0,150.1,232.0,105.0,280.0
120.8,150.2,232.0,105.0,280.0
121.9,150.3,232.0,105.0,280.0
122.1,150.2,232.0,105.0,280.0
123.2,150.3,232.0,105.0,280.0
124.0,150.2,232.0,105.0,280.0
125.1,150.1,232.0,105.0,280.0
125.7,149.8,232.0,105.0,280.0
126.7,149.7,232.0,105.0,280.0
127.3,150.1,232.0,105.0,280.0
127.8,149.8,232.0,105.0,280.0
128.8,150.2,232.0,105.0,280.0
129.3,149.7,232.0,105.0,280.0
130.6,150.2,232.0,105.0,280.0
130.9,150.0,232.0,105.0,280.0
132.4,150.2,232.0,105.0,280.0
132.7,150.0,232.0,105.0,280.0
133.9,150.0,232.0,105.0,280.0
134.7,149.8,232.0,105.0,280.0
135.1,150.3,232.0,105.0,280.0
136.2,100.1,232.0,80.0,286.0
136.8,100.2,232.0,80.0,286.0
137.2,99.8,232.0,80.0,286.0
138.1,99.7,232.0,80.0,286.0
139.5,100.2,232.0,80.0,286.0
139.8,99.8,232.0,80.0,286.0
141.1,99.7,232.0,80.0,286.0
141.9,100.3,232.0,80.0,286.0
142.5,99.9,232.0,80.0,286.0
143.3,100.0,232.0,80.0,286.0
144.0,99.7,232.0,80.0,286.0
145.1,100.0,232.0,80.0,286.0
145.8,100.2,232.0,80.0,286.0
146.5,100.2,232.0,80.0,286.0
147.6,100.0,232.0,80.0,286.0
147.6,100.1,240.0,80.0,286.0
148.5,100.1,240.0,80.0,286.0
149.5,100.2,240.0,80.0,286.0
150.0,99.8,240.0,80.0,286.0
151.3,100.1,240.0,80.0,286.0
152.1,99.9,240.0,80.0,286.0
152.7,100.1,240.0,80.0,286.0
153.2,99.8,240.0,80.0,286.0
154.0,99.8,240.0,80.0,286.0
155.0,99.7,240.0,80.0,286.0
156.4,100.0,240.0,80.0,286.0
156.7,99.9,240.0,80.0,286.0
157.4,100.1,240.0,80.0,286.0
158.1,99.8,240.0,80.0,286.0
159.5,99.7,240.0,80.0,286.0
159.8,130.2,240.0,80.0,286.0
160.8,129.8,240.0,80.0,286.0
161.3,130.0,240.0,80.0,286.0
162.5,129.8,240.0,80.0,286.0
163.3,129.9,240.0,80.0,286.0
164.3,130.0,240.0,80.0,286.0
164.7,129.7,240.0,80.0,286.0
165.4,130.0,240.0,80.0,286.0
166.3,129.7,240.0,80.0,286.0
167.5,129.9,240.0,80.0,286.0
168.3,130.2,240.0,105.0,286.0
168.9,129.8,240.0,105.0,286.0
169.9,130.1,240.0,105.0,286.0
170.5,129.8,240.0,105.0,286.0
171.3,129.9,240.0,105.0,286.0
171.9,129.9,240.0,105.0,292.0
172.9,130.3,240.0,105.0,292.0
173.8,130.3,240.0,105.0,292.0
174.2,129.8,240.0,105.0,292.0
175.0,130.1,240.0,105.0,292.0
176.2,130.2,248.0,105.0,292.0
177.1,130.2,248.0,105.0,292.0
177.8,129.7,248.0,105.0,292.0
178.7,129.8,248.0,105.0,292.0
179.5,130.0,248.0,105.0,292.0
180.3,129.9,248.0,105.0,292.0
180.9,130.1,248.0,105.0,292.0
181.4,129.7,248.0,105.0,292.0
182.8,129.7,248.0,105.0,292.0
182.9,130.0,248.0,105.0,292.0
184.0,150.0,248.0,105.0,292.0
184.9,150.2,248.0,105.0,292.0
185.4,150.2,248.0,105.0,292.0
186.7,150.3,248.0,105.0,292.0
187.3,149.7,248.0,105.0,292.0
188.4,150.1,248.0,105.0,292.0
188.8,150.1,248.0,105.0,292.0
189.3,149.9,248.0,105.0,292.0
190.3,149.8,248.0,105.0,292.0
191.4,149.7,248.0,105.0,292.0
192.4,150.1,248.0,105.0,292.0
192.8,150.0,248.0,105.0,292.0
194.0,149.8,248.0,105.0,292.0
194.6,150.0,248.0,105.0,292.0
195.0,149.8,248.0,105.0,292.0
196.1,149.9,248.0,105.0,292.0
197.1,149.7,248.0,105.0,292.0
197.9,149.8,248.0,105.0,292.0
198.1,150.2,248.0,105.0,292.0
199.1,150.1,248.0,105.0,292.0
120.0,150.3,248.0,80.0,292.0
121.0,150.2,248.0,80.0,292.0
121.2,150.3,248.0,80.0,292.0
122.1,150.1,248.0,80.0,292.0
123.0,150.3,248.0,80.0,292.0
123.8,149.8,256.0,80.0,292.0
124.6,149.8,256.0,80.0,292.0
125.8,150.1,256.0,80.0,292.0
126.6,149.7,256.0,80.0,292.0
127.4,150.3,256.0,80.0,292.0
128.3,99.7,256.0,80.0,298.0
128.7,99.8,256.0,80.0,298.0
130.0,100.0,256.0,80.0,298.0
130.2,100.0,256.0,80.0,298.0
131.4,100.1,256.0,80.0,298.0
132.4,100.1,256.0,80.0,298.0
133.0,99.7,256.0,80.0,298.0
133.5,99.9,256.0,80.0,298.0
134.2,100.2,256.0,80.0,298.0
135.5,99.9,256.0,80.0,298.0
135.9,99.8,256.0,80.0,298.0
137.1,100.1,256.0,80.0,298.0
137.6,100.0,256.0,80.0,298.0
138.5,100.1,256.0,80.0,298.0
139.4,100.1,256.0,80.0,298.0
139.8,100.3,256.0,80.0,298.0
140.4,100.0,256.0,80.0,298.0
141.2,99.8,256.0,80.0,298.0
142.6,99.9,256.0,80.0,298.0
142.9,100.2,256.0,80.0,298.0
143.9,99.9,256.0,80.0,298.0
145.0,100.2,256.0,80.0,298.0
145.7,100.0,256.0,80.0,298.0
146.3,99.7,256.0,80.0,298.0
147.2,99.9,256.0,80.0,298.0
147.9,100.2,256.0,80.0,298.0
148.5,99.8,256.0,80.0,298.0
149.2,100.0,256.0,80.0,298.0
150.4,100.3,256.0,80.0,298.0
151.1,100.0,256.0,80.0,298.0
151.6,130.2,256.0,105.0,298.0
152.9,130.2,256.0,105.0,298.0
153.8,130.0,256.0,105.0,298.0
154.4,130.2,256.0,105.0,298.0
155.1,129.8,256.0,105.0,298.0
155.8,129.8,256.0,105.0,298.0
157.2,129.7,256.0,105.0,298.0
157.5,130.0,256.0,105.0,298.0
158.7,129.7,256.0,105.0,298.0
158.9,129.8,256.0,105.0,298.0
159.9,129.7,256.0,105.0,298.0
160.6,130.2,256.0,105.0,298.0
161.9,130.3,256.0,105.0,298.0
162.3,130.2,256.0,105.0,298.0
163.3,130.1,256.0,105.0,298.0
164.4,129.8,256.0,105.0,304.0
164.4,129.9,256.0,105.0,304.0
165.6,130.0,256.0,105.0,304.0
166.5,129.9,256.0,105.0,304.0
167.0,130.3,256.0,105.0,304.0
167.8,129.9,256.0,105.0,304.0
169.1,130.2,256.0,105.0,304.0
169.2,130.2,256.0,105.0,304.0
170.1,130.2,256.0,105.0,304.0
171.1,130.0,256.0,105.0,304.0
172.4,130.0,256.0,105.0,304.0
173.0,130.3,256.0,105.0,304.0
174.0,130.2,256.0,105.0,304.0
174.4,130.3,256.0,105.0,304.0
175.2,130.0,256.0,105.0,304.0
176.1,149.9,256.0,105.0,304.0
177.0,149.8,256.0,105.0,304.0
177.3,150.0,256.0,105.0,304.0
178.6,149.8,256.0,105.0,304.0
179.0,150.2,256.0,105.0,304.0
180.0,149.7,248.0,105.0,304.0
180.6,149.7,248.0,105.0,304.0
181.8,149.8,248.0,105.0,304.0
182.0,150.0,248.0,105.0,304.0
183.2,150.0,248.0,105.0,304.0
183.9,149.7,248.0,80.0,304.0
184.6,149.9,248.0,80.0,304.0
185.9,149.7,248.0,80.0,304.0
186.7,150.3,248.0,80.0,304.0
187.5,150.2,248.0,80.0,304.0
188.1,150.2,248.0,80.0,304.0
188.5,149.8,248.0,80.0,304.0
189.6,150.0,248.0,80.0,304.0
190.8,150.2,248.0,80.0,304.0
191.3,150.1,248.0,80.0,304.0
192.4,149.9,248.0,80.0,304.0
192.7,149.8,248.0,80.0,304.0
193.5,150.2,248.0,80.0,304.0
194.6,150.2,248.0,80.0,304.0
195.0,149.8,248.0,80.0,304.0
196.3,149.9,248.0,80.0,304.0
197.1,150.2,248.0,80.0,304.0
197.8,149.7,248.0,80.0,304.0
198.3,149.9,248.0,80.0,304.0
198.8,149.9,248.0,80.0,304.0
120.3,100.1,248.0,80.0,250.0
121.1,100.0,248.0,80.0,250.0
121.9,100.1,248.0,80.0,250.0
122.2,99.7,248.0,80.0,250.0
123.4,100.2,248.0,80.0,250.0
123.6,99.9,248.0,80.0,250.0
124.9,100.1,248.0,80.0,250.0
125.9,99.7,248.0,80.0,250.0
126.7,100.0,248.0,80.0,250.0
127.3,99.8,248.0,80.0,250.0
128.3,99.9,240.0,80.0,250.0
128.8,100.0,240.0,80.0,250.0
129.9,99.8,240.0,80.0,250.0
130.5,100.1,240.0,80.0,250.0
131.3,100.1,240.0,80.0,250.0
132.1,100.2,240.0,80.0,250.0
133.0,99.9,240.0,80.0,250.0
133.4,100.1,240.0,80.0,250.0
134.4,100.1,240.0,80.0,250.0
135.6,100.2,240.0,80.0,250.0
136.1,100.3,240.0,105.0,250.0
136.6,100.0,240.0,105.0,250.0
137.3,100.2,240.0,105.0,250.0
138.2,100.0,240.0,105.0,250.0
139.4,100.2,240.0,105.0,250.0
140.3,99.8,240.0,105.0,250.0
140.6,99.8,240.0,105.0,250.0
142.0,99.8,240.0,105.0,250.0
142.5,100.2,240.0,105.0,250.0
143.0,100.0,240.0,105.0,250.0
143.9,130.2,240.0,105.0,250.0
145.2,130.2,240.0,105.0,250.0
145.3,129.8,240.0,105.0,250.0
146.7,129.8,240.0,105.0,250.0
146.9,129.8,240.0,105.0,250.0
148.1,129.8,240.0,105.0,250.0
148.5,129.9,240.0,105.0,250.0
149.2,129.8,240.0,105.0,250.0
150.5,130.1,240.0,105.0,250.0
151.4,129.9,240.0,105.0,250.0
152.1,129.9,240.0,105.0,250.0
153.1,130.3,240.0,105.0,250.0
153.4,130.1,240.0,105.0,250.0
154.2,129.8,240.0,105.0,250.0
155.4,129.8,240.0,105.0,250.0
156.1,130.1,232.0,105.0,256.0
157.1,130.1,232.0,105.0,256.0
157.3,129.8,232.0,105.0,256.0
158.8,130.2,232.0,105.0,256.0
159.5,129.8,232.0,105.0,256.0
160.3,130.2,232.0,105.0,256.0
160.5,130.0,232.0,105.0,256.0
161.3,129.8,232.0,105.0,256.0
162.7,130.0,232.0,105.0,256.0
163.6,130.1,232.0,105.0,256.0
164.0,130.1,232.0,105.0,256.0
164.5,129.8,232.0,105.0,256.0
165.7,130.0,232.0,105.0,256.0
166.5,129.8,232.0,105.0,256.0
167.2,130.0,232.0,105.0,256.0
168.1,150.3,232.0,80.0,256.0
169.1,150.1,232.0,80.0,256.0
169.9,149.9,232.0,80.0,256.0
170.3,150.0,232.0,80.0,256.0
170.9,150.0,232.0,80.0,256.0
172.0,150.1,232.0,80.0,256.0
172.7,149.8,232.0,80.0,256.0
173.4,150.1,232.0,80.0,256.0
174.4,149.8,232.0,80.0,256.0
175.5,150.2,232.0,80.0,256.0
175.7,149.7,232.0,80.0,256.0
176.8,149.9,232.0,80.0,256.0
177.6,149.8,232.0,80.0,256.0
178.7,150.0,232.0,80.0,256.0
179.0,149.8,232.0,80.0,256.0
179.8,149.9,232.0,80.0,256.0
180.8,150.2,232.0,80.0,256.0
181.8,149.8,232.0,80.0,256.0
182.3,149.7,232.0,80.0,256.0
182.8,150.2,232.0,80.0,256.0
184.2,149.9,224.0,80.0,256.0
184.8,150.3,224.0,80.0,256.0
185.5,150.2,224.0,80.0,256.0
186.4,149.9,224.0,80.0,256.0
187.1,150.1,224.0,80.0,256.0
188.2,149.9,224.0,80.0,256.0
188.9,149.8,224.0,80.0,256.0
189.6,150.2,224.0,80.0,256.0
190.2,149.8,224.0,80.0,256.0
191.2,150.0,224.0,80.0,256.0
191.9,99.8,224.0,80.0,262.0
193.1,100.2,224.0,80.0,262.0
193.9,100.2,224.0,80.0,262.0
194.3,100.1,224.0,80.0,262.0
195.4,100.2,224.0,80.0,262.0
195.9,100.0,224.0,80.0,262.0
196.5,99.9,224.0,80.0,262.0
197.8,100.1,224.0,80.0,262.0
198.1,99.7,224.0,80.0,262.0
199.3,100.2,224.0,80.0,262.0
